City_ID,City,Country,Date,Lat,Lng,Max Temp,Humidity,Cloudiness,Wind Speed
0,Mataura,NZ,2022-12-21 04:36:10,-46.1927,168.8643,61.43,59,87,7.81
1,Punta Arenas,CL,2022-12-21 04:32:20,-53.15,-70.9167,51.91,71,0,6.91
2,Along,IN,2022-12-21 04:36:11,28.1667,94.7667,71.51,39,83,0.83
3,The Valley,AI,2022-12-21 04:36:12,18.217,-63.0578,79.11,74,1,15.35
4,Atuona,PF,2022-12-21 04:36:12,-9.8,-139.0333,78.48,80,9,21.83
5,Tuatapere,NZ,2022-12-21 04:36:13,-46.1333,167.6833,63.52,57,20,9.73
6,Tasiilaq,GL,2022-12-21 04:36:13,65.6145,-37.6368,12.36,54,6,3.87
7,Kutum,SD,2022-12-21 04:36:14,14.2,24.6667,57.85,50,33,5.68
8,Tank,PK,2022-12-21 04:36:15,32.2217,70.3793,66.22,23,0,2.21
9,Saint-Philippe,RE,2022-12-21 04:36:15,-21.3585,55.7679,81.99,77,96,7.29
10,Mahebourg,MU,2022-12-21 04:36:16,-20.4081,57.7,80.89,65,40,6.91
11,Tursunzoda,TJ,2022-12-21 04:35:13,38.5144,68.2333,43.95,56,74,1.74
12,Komsomolskiy,UZ,2022-12-21 04:36:17,40.4272,71.7189,29.12,93,100,4.61
13,Torbay,CA,2022-12-21 04:35:33,47.6666,-52.7314,34.57,87,75,24.0
14,Barrow,US,2022-12-21 04:36:17,71.2906,-156.7887,-12.98,84,0,6.91
15,Uruacu,BR,2022-12-21 04:34:44,-14.5247,-49.1408,68.36,99,100,1.97
16,Charters Towers,AU,2022-12-21 04:36:18,-20.1,146.2667,89.01,34,11,19.06
17,Saint George,US,2022-12-21 04:35:35,37.1041,-113.5841,36.63,60,0,1.01
18,Houlton,US,2022-12-21 04:36:19,46.1262,-67.8403,28.81,93,100,3.44
19,Jamestown,US,2022-12-21 04:33:59,42.097,-79.2353,27.72,97,75,4.61
20,Harper,LR,2022-12-21 04:36:19,4.375,-7.7169,76.89,84,93,3.65
21,Busselton,AU,2022-12-21 04:36:20,-33.65,115.3333,83.3,37,57,6.64
22,Basco,PH,2022-12-21 04:36:20,20.4487,121.9702,75.0,78,100,21.61
23,San Jose,US,2022-12-21 04:32:01,37.3394,-121.895,50.47,82,20,3.44
24,Kudahuvadhoo,MV,2022-12-21 04:36:21,2.6708,72.8944,78.01,85,100,17.52
25,Victoria,HK,2022-12-21 04:34:02,22.2855,114.1577,70.25,44,100,11.01
26,Hilo,US,2022-12-21 04:33:19,19.7297,-155.09,73.26,85,20,3.44
27,Vila Franca Do Campo,PT,2022-12-21 04:36:22,37.7167,-25.4333,67.19,96,99,11.95
28,Yellowknife,CA,2022-12-21 04:33:14,62.456,-114.3525,-32.28,68,20,6.91
29,Broome,US,2022-12-21 04:36:23,42.2506,-75.833,21.58,86,0,0.0
30,Matongo,TZ,2022-12-21 04:36:24,-2.3833,34.0833,66.24,80,94,2.89
31,Hithadhoo,MV,2022-12-21 04:33:28,-0.6,73.0833,80.73,71,99,11.52
32,Provideniya,RU,2022-12-21 04:36:25,64.3833,-173.3,21.31,63,0,26.84
33,Clyde River,CA,2022-12-21 04:36:25,70.4692,-68.5914,-3.77,77,100,17.27
34,Cape Town,ZA,2022-12-21 04:33:00,-33.9258,18.4232,63.12,72,0,18.41
35,Chongwe,ZM,2022-12-21 04:36:26,-15.3292,28.682,66.36,94,100,2.77
36,Sur,OM,2022-12-21 04:36:26,22.5667,59.5289,76.15,45,0,8.72
37,Saint-Andre-Les-Vergers,FR,2022-12-21 04:36:27,48.2853,4.0521,53.64,94,100,10.36
38,Pangnirtung,CA,2022-12-21 04:36:27,66.1451,-65.7125,3.83,80,33,4.23
39,Sao Joao Da Barra,BR,2022-12-21 04:36:28,-21.6403,-41.0511,72.54,94,100,8.1
40,Kaeo,NZ,2022-12-21 04:36:29,-35.1,173.7833,74.32,72,2,7.81
41,Yoichi,JP,2022-12-21 04:36:29,43.2039,140.7703,33.82,59,100,6.2
42,Vaini,TO,2022-12-21 04:36:30,-21.2,-175.2,84.36,84,40,10.36
43,Sechura,PE,2022-12-21 04:36:30,-5.5569,-80.8222,69.73,83,79,7.0
44,Escanaba,US,2022-12-21 04:36:31,45.7453,-87.0646,10.71,76,0,10.36
45,Abha,SA,2022-12-21 04:35:04,18.2164,42.5053,44.42,75,0,0.0
46,Ushuaia,AR,2022-12-21 04:37:32,-54.8,-68.3,55.06,58,0,17.27
47,Albany,US,2022-12-21 04:35:22,42.6001,-73.9662,20.88,90,35,3.78
48,Ossora,RU,2022-12-21 04:37:32,59.2353,163.0719,32.09,97,100,34.23
49,Beringovskiy,RU,2022-12-21 04:37:33,63.05,179.3167,30.33,67,7,28.41
50,Port Said,EG,2022-12-21 04:37:34,31.2565,32.2841,60.78,94,40,13.8
51,Gouyave,GD,2022-12-21 04:37:34,12.1646,-61.7296,77.77,78,20,11.5
52,Pevek,RU,2022-12-21 04:37:35,69.7008,170.3133,12.76,63,95,10.0
53,Lompoc,US,2022-12-21 04:37:35,34.6391,-120.4579,49.59,92,60,8.48
54,Havre-Saint-Pierre,CA,2022-12-21 04:37:36,50.2334,-63.5986,28.4,80,100,5.75
55,Arraial Do Cabo,BR,2022-12-21 04:35:37,-22.9661,-42.0278,71.26,91,100,15.41
56,Rikitea,PF,2022-12-21 04:37:37,-23.1203,-134.9692,76.46,86,43,18.12
57,Severnyy,RU,2022-12-21 04:37:37,50.677,36.5532,30.24,93,100,6.71
58,Bluff,NZ,2022-12-21 04:37:38,-46.6,168.3333,56.75,71,95,20.42
59,Souillac,MU,2022-12-21 04:37:38,-20.5167,57.5167,80.98,65,40,6.91
60,Mount Gambier,AU,2022-12-21 04:36:57,-37.8333,140.7667,78.46,38,100,13.96
61,Khatanga,RU,2022-12-21 04:37:39,71.9667,102.5,-23.87,79,1,17.18
62,Flinders,AU,2022-12-21 04:37:39,-34.5833,150.8552,71.38,59,30,8.88
63,Nortelandia,BR,2022-12-21 04:37:40,-14.4547,-56.8028,71.74,97,84,2.73
64,Saskylakh,RU,2022-12-21 04:35:43,71.9167,114.0833,-29.52,94,81,6.49
65,Makakilo City,US,2022-12-21 04:34:53,21.3469,-158.0858,73.72,70,40,13.8
66,Bredasdorp,ZA,2022-12-21 04:35:39,-34.5322,20.0403,62.89,59,15,11.77
67,Puerto Tejada,CO,2022-12-21 04:37:41,3.2311,-76.4167,69.75,87,94,0.98
68,New Norfolk,AU,2022-12-21 04:37:42,-42.7826,147.0587,70.92,34,93,3.0
69,Port Elizabeth,ZA,2022-12-21 04:37:42,-33.918,25.5701,62.31,92,75,2.3
70,Jurm,AF,2022-12-21 04:37:43,36.8648,70.8342,34.77,54,17,3.67
71,Puerto Ayora,EC,2022-12-21 04:36:29,-0.7393,-90.3518,71.55,96,53,4.99
72,Chokurdakh,RU,2022-12-21 04:35:29,70.6333,147.9167,-9.44,99,72,3.15
73,Puri,IN,2022-12-21 04:35:50,19.8,85.85,73.92,41,70,6.08
74,Hit,IQ,2022-12-21 04:37:44,33.6416,42.8251,54.61,49,2,5.35
75,Palu,ID,2022-12-21 04:37:45,-0.8917,119.8707,89.83,54,100,5.97
76,Grindavik,IS,2022-12-21 04:37:45,63.8424,-22.4338,30.67,69,75,27.63
77,Clifton Springs,AU,2022-12-21 04:33:02,-38.15,144.5667,86.77,50,100,12.66
78,Tura,IN,2022-12-21 04:33:14,25.5198,90.2201,73.65,50,51,2.51
79,Sobolevo,RU,2022-12-21 04:37:47,54.4299,31.8996,32.65,99,100,7.0
80,Terrace,CA,2022-12-21 04:37:47,54.5163,-128.6035,-2.29,50,0,25.32
81,Aklavik,CA,2022-12-21 04:37:48,68.2191,-135.0107,-4.43,90,99,12.95
82,Cidreira,BR,2022-12-21 04:37:48,-30.1811,-50.2056,69.84,83,16,13.35
83,Qaanaaq,GL,2022-12-21 04:37:29,77.484,-69.3632,-17.72,72,38,5.03
84,Henties Bay,NA,2022-12-21 04:37:49,-22.116,14.2845,60.01,93,6,1.57
85,Avarua,CK,2022-12-21 04:37:49,-21.2078,-159.775,75.25,88,40,1.14
86,Mackay,AU,2022-12-21 04:37:50,-21.15,149.2,84.69,57,50,19.8
87,Nikolskoye,RU,2022-12-21 04:37:51,59.7035,30.7861,22.91,97,100,8.48
88,Luwero,UG,2022-12-21 04:37:52,0.8492,32.4731,68.4,80,90,2.48
89,Eskisehir,TR,2022-12-21 04:37:52,39.7767,30.5206,21.11,100,0,0.0
90,Gimli,CA,2022-12-21 04:37:53,50.6336,-96.9907,-12.98,77,85,4.61
91,Kapaa,US,2022-12-21 04:35:15,22.0752,-159.319,75.52,67,0,13.8
92,Hobart,AU,2022-12-21 04:35:21,-42.8794,147.3294,71.28,60,75,12.66
93,Coihaique,CL,2022-12-21 04:38:54,-45.5752,-72.0662,57.15,77,0,3.44
94,Tuktoyaktuk,CA,2022-12-21 04:38:55,69.4541,-133.0374,-16.6,83,75,12.66
95,Khuzhir,RU,2022-12-21 04:38:55,53.1939,107.3397,12.87,58,52,4.5
96,Sawang Daen Din,TH,2022-12-21 04:38:56,17.4753,103.4575,83.17,83,94,6.69
97,Hermanus,ZA,2022-12-21 04:38:56,-34.4187,19.2345,61.81,66,7,16.08
98,Dikson,RU,2022-12-21 04:35:34,73.5069,80.5464,-5.22,96,100,8.32
99,Butaritari,KI,2022-12-21 04:38:57,3.0707,172.7902,82.02,80,97,16.73
100,Sao Filipe,CV,2022-12-21 04:38:57,14.8961,-24.4956,76.21,61,3,12.64
101,Chuy,UY,2022-12-21 04:38:58,-33.6971,-53.4616,63.77,93,0,7.27
102,Bethel,US,2022-12-21 04:38:59,41.3712,-73.414,28.94,75,0,4.0
103,Mar Del Plata,AR,2022-12-21 04:34:53,-38.0023,-57.5575,69.87,88,16,24.0
104,Ostrovnoy,RU,2022-12-21 04:39:00,68.0531,39.5131,19.38,86,100,16.89
105,Ribeira Grande,PT,2022-12-21 04:35:48,38.5167,-28.7,64.78,95,99,14.0
106,Cap Malheureux,MU,2022-12-21 04:39:01,-19.9842,57.6142,80.47,65,9,8.99
107,Georgetown,MY,2022-12-21 04:35:29,5.4112,100.3354,85.93,78,20,7.0
108,Port-Gentil,GA,2022-12-21 04:39:02,-0.7193,8.7815,79.7,77,100,4.9
109,East London,ZA,2022-12-21 04:39:02,-33.0153,27.9116,59.94,94,100,5.75
110,College,US,2022-12-21 04:39:03,64.8569,-147.8028,-34.65,67,0,4.61
111,Ponta Do Sol,PT,2022-12-21 04:35:28,32.6667,-17.1,68.72,84,89,1.41
112,Bathsheba,BB,2022-12-21 04:38:23,13.2167,-59.5167,79.41,94,40,24.16
113,Thompson,CA,2022-12-21 04:39:05,55.7435,-97.8558,-7.44,71,100,6.91
114,Upernavik,GL,2022-12-21 04:39:05,72.7868,-56.1549,8.51,97,100,14.38
115,Saldanha,ZA,2022-12-21 04:39:06,-33.0117,17.9442,63.18,72,0,10.92
116,Aktash,RU,2022-12-21 04:39:07,50.3,87.7333,13.01,82,70,5.32
117,Mogok,MM,2022-12-21 04:39:08,22.9167,96.5,72.79,40,29,2.55
118,Santa Cruz,BO,2022-12-21 04:39:08,-17.8,-63.1667,76.46,83,18,4.61
119,Inhambane,MZ,2022-12-21 04:39:09,-23.865,35.3833,76.98,78,40,5.75
120,Batemans Bay,AU,2022-12-21 04:39:09,-35.7167,150.1833,69.1,54,71,9.84
121,Leshukonskoye,RU,2022-12-21 04:38:55,64.8989,45.7622,-5.66,98,100,4.76
122,Port Lincoln,AU,2022-12-21 04:39:11,-34.7333,135.8667,74.93,55,16,12.01
123,Airai,TL,2022-12-21 04:39:12,-8.9266,125.4092,64.11,87,100,3.29
124,Santa Catarina,BR,2022-12-21 04:36:08,-27.0,-50.0,57.81,99,67,1.1
125,Lebu,CL,2022-12-21 04:39:13,-37.6167,-73.65,56.26,96,19,6.96
126,Sitka,US,2022-12-21 04:39:14,57.0531,-135.33,19.29,58,0,5.75
127,Poum,NC,2022-12-21 04:39:14,-20.2333,164.0167,78.03,80,57,25.21
128,Moose Factory,CA,2022-12-21 04:39:15,51.2585,-80.6094,13.98,92,100,3.44
129,Carnarvon,AU,2022-12-21 04:39:15,-24.8667,113.6333,80.82,60,0,19.13
130,Tiarei,PF,2022-12-21 04:39:16,-17.5333,-149.3333,84.22,84,42,15.28
131,Najran,SA,2022-12-21 04:39:17,17.4924,44.1277,48.85,48,2,0.74
132,Pesochnoye,RU,2022-12-21 04:39:18,58.006,39.1772,-2.47,100,98,4.83
133,Mount Isa,AU,2022-12-21 04:36:59,-20.7333,139.5,91.17,38,81,9.22
134,Longyearbyen,SJ,2022-12-21 04:35:49,78.2186,15.6401,10.24,72,40,10.36
135,Dukat,RU,2022-12-21 04:40:21,62.55,155.55,15.31,96,86,6.6
136,Norman Wells,CA,2022-12-21 04:40:21,65.282,-126.8329,-43.56,66,20,0.0
137,Pittsburg,US,2022-12-21 04:38:24,38.028,-121.8847,50.0,80,20,3.44
138,Rancho Palos Verdes,US,2022-12-21 04:40:22,33.7445,-118.387,59.92,81,2,3.0
139,Gizo,SB,2022-12-21 04:40:23,-8.103,156.8419,85.21,69,85,6.76
140,Port Alfred,ZA,2022-12-21 04:40:23,-33.5906,26.891,61.18,95,98,7.58
141,Fort Nelson,CA,2022-12-21 04:40:24,58.8053,-122.7002,-44.01,66,0,2.3
142,Korla,CN,2022-12-21 04:39:15,41.7597,86.1469,24.24,41,82,5.53
143,Touros,BR,2022-12-21 04:40:25,-5.1989,-35.4608,77.31,82,15,8.21
144,Caravelas,BR,2022-12-21 04:40:26,-17.7125,-39.2481,74.41,92,97,9.22
145,Karratha,AU,2022-12-21 04:38:11,-20.7377,116.8463,83.82,47,18,16.6
146,Haines Junction,CA,2022-12-21 04:40:28,60.7522,-137.5108,-34.65,67,100,1.14
147,La Ronge,CA,2022-12-21 04:40:29,55.1001,-105.2842,-21.75,69,99,3.44
148,Pemangkat,ID,2022-12-21 04:40:30,1.1667,108.9667,83.8,71,71,6.17
149,Karwar,IN,2022-12-21 04:40:30,14.8,74.1333,81.25,47,100,6.91
150,Thongwa,MM,2022-12-21 04:40:31,16.7619,96.5278,82.56,48,67,5.73
151,Macherla,IN,2022-12-21 04:40:31,16.4833,79.4333,78.57,50,81,4.97
152,Plettenberg Bay,ZA,2022-12-21 04:37:52,-34.0527,23.3716,62.2,67,51,4.29
153,Mpika,ZM,2022-12-21 04:40:32,-11.8343,31.4529,61.52,99,100,3.69
154,Hastings,GB,2022-12-21 04:38:44,50.8552,0.5729,50.79,99,91,14.45
155,Mitu,CO,2022-12-21 04:40:33,1.1983,-70.1733,71.37,98,100,0.74
156,Severo-Kurilsk,RU,2022-12-21 04:40:34,50.6789,156.125,32.31,96,100,14.2
157,Tapes,BR,2022-12-21 04:40:35,-30.6733,-51.3958,69.89,84,36,14.58
158,Pak Phanang,TH,2022-12-21 04:40:35,8.3511,100.202,87.82,71,71,12.3
159,Klaksvik,FO,2022-12-21 04:40:36,62.2266,-6.589,41.92,82,99,9.17
160,Goderich,CA,2022-12-21 04:40:36,43.7501,-81.7165,33.91,80,38,13.8
161,Luena,AO,2022-12-21 04:40:37,-11.7833,19.9167,62.69,96,99,4.94
162,Saucillo,MX,2022-12-21 04:40:38,28.0167,-105.2833,52.7,34,100,4.56
163,Lepley,RU,2022-12-21 04:40:38,54.3092,42.8599,7.83,100,90,1.63
164,Nalut,LY,2022-12-21 04:40:39,30.3333,10.85,49.82,61,25,6.82
165,Kushiro,JP,2022-12-21 04:40:40,42.975,144.3747,34.75,47,75,3.44
166,Ulaangom,MN,2022-12-21 04:40:40,49.9811,92.0667,-6.81,95,90,1.5
167,Walvis Bay,NA,2022-12-21 04:40:41,-22.9575,14.5053,64.09,93,5,2.55
168,Lagoa,PT,2022-12-21 04:37:56,39.05,-27.9833,63.16,88,95,21.47
169,Riverbank,US,2022-12-21 04:37:31,37.736,-120.9355,46.62,89,0,0.0
170,Faya,SA,2022-12-21 04:40:42,18.3851,42.4509,44.71,51,1,1.45
171,Geraldton,AU,2022-12-21 04:40:42,-28.7667,114.6,95.41,26,0,13.8
172,Hobyo,SO,2022-12-21 04:40:43,5.3505,48.5268,80.46,73,44,21.81
173,Dabakala,CI,2022-12-21 04:40:44,8.3667,-4.4333,70.9,20,67,4.23
174,Baykit,RU,2022-12-21 04:40:44,61.67,96.37,-8.37,97,100,2.8
175,Warrnambool,AU,2022-12-21 04:40:45,-38.3833,142.4833,71.91,50,100,8.95
176,Kavieng,PG,2022-12-21 04:40:45,-2.5744,150.7967,83.88,74,100,8.16
177,Tiksi,RU,2022-12-21 04:37:45,71.6872,128.8694,-11.45,99,100,2.75
178,Ambanja,MG,2022-12-21 04:40:46,-13.6833,48.45,78.73,75,74,0.34
179,Viedma,AR,2022-12-21 04:40:47,-40.8135,-62.9967,67.42,74,100,11.68
180,Bengkulu,ID,2022-12-21 04:40:47,-3.8004,102.2655,85.3,64,79,8.97
181,San Patricio,US,2022-12-21 04:40:48,28.017,-97.5169,54.84,79,90,5.84
182,Garowe,SO,2022-12-21 04:41:49,8.4054,48.4845,73.56,66,61,14.94
183,Namwala,ZM,2022-12-21 04:41:49,-15.7504,26.4384,68.32,88,94,3.06
184,Chegdomyn,RU,2022-12-21 04:41:50,51.1167,133.0167,-12.77,87,79,1.28
185,Egvekinot,RU,2022-12-21 04:41:51,66.3167,-179.1667,8.87,57,2,11.12
186,Lavrentiya,RU,2022-12-21 04:41:51,65.5833,-171.0,10.72,91,4,12.26
187,Lima,PE,2022-12-21 04:36:57,-12.0432,-77.0282,71.91,79,40,16.11
188,Palestina,PS,2022-12-21 04:41:52,31.9216,35.2033,49.95,93,6,2.35
189,Muriwai Beach,NZ,2022-12-21 04:41:53,-36.8167,174.45,75.76,57,64,2.42
190,Ondjiva,AO,2022-12-21 04:41:53,-17.0667,15.7333,69.12,33,88,1.95
191,Yarmouth,US,2022-12-21 04:41:44,41.7057,-70.2286,38.97,77,40,15.99
192,Awjilah,LY,2022-12-21 04:41:54,29.1081,21.2869,49.32,77,0,8.68
193,Seoul,KR,2022-12-21 04:41:54,37.5683,126.9778,36.84,87,75,2.3
194,Kirensk,RU,2022-12-21 04:41:55,57.7853,108.1119,-12.75,98,95,2.39
195,Mitsamiouli,KM,2022-12-21 04:41:55,-11.3847,43.2844,82.69,54,0,2.3
196,Puerto Baquerizo Moreno,EC,2022-12-21 04:41:56,-0.9,-89.6,71.78,85,59,7.38
197,Abaete,BR,2022-12-21 04:41:57,-19.16,-45.4458,66.65,98,94,4.65
198,Kahului,US,2022-12-21 04:41:57,20.8947,-156.47,75.85,69,20,8.05
199,Port Hardy,CA,2022-12-21 04:41:58,50.6996,-127.4199,21.38,73,40,9.22
200,San Carlos,VE,2022-12-21 04:41:58,9.6612,-68.5827,72.64,83,76,3.83
201,Xiaoweizhai,CN,2022-12-21 04:41:59,26.1903,107.5125,56.39,38,20,3.78
202,Mattru,SL,2022-12-21 04:42:00,7.6244,-11.8332,75.09,84,100,1.21
203,Sambava,MG,2022-12-21 04:42:00,-14.2667,50.1667,79.61,72,66,0.65
204,Iqaluit,CA,2022-12-21 04:42:01,63.7506,-68.5145,-4.27,76,20,12.66
205,Soyo,AO,2022-12-21 04:42:01,-6.1349,12.3689,76.66,83,100,6.11
206,Coahuayana,MX,2022-12-21 04:42:02,18.7333,-103.6833,69.89,74,95,2.73
207,Waingapu,ID,2022-12-21 04:42:02,-9.6567,120.2641,88.68,48,6,8.48
208,Santiago De Cuba,CU,2022-12-21 04:42:03,20.0247,-75.8219,73.51,83,20,1.14
209,Betioky,MG,2022-12-21 04:42:04,-23.7167,44.3833,73.89,87,100,6.42
210,Chicama,PE,2022-12-21 04:42:05,-7.8447,-79.1469,66.74,79,87,4.83
211,Tynda,RU,2022-12-21 04:42:05,55.1667,124.7167,-17.32,89,44,2.24
212,Tecoanapa,MX,2022-12-21 04:42:06,16.5167,-98.75,73.9,81,0,4.09
213,Ilulissat,GL,2022-12-21 04:42:07,69.2167,-51.1,17.62,41,38,4.61
214,Arman,RU,2022-12-21 04:42:07,59.7,150.1667,19.08,79,100,13.76
215,Buraydah,SA,2022-12-21 04:42:08,26.326,43.975,54.05,51,3,11.88
216,Marzuq,YE,2022-12-21 04:42:09,14.4,46.4667,62.24,35,1,2.13
217,Axim,GH,2022-12-21 04:37:52,4.8699,-2.2405,77.43,85,57,2.21
218,Nome,US,2022-12-21 04:42:10,64.5011,-165.4064,8.67,61,0,12.66
219,Castro,BR,2022-12-21 04:42:11,-24.7911,-50.0119,56.3,96,94,4.32
220,Fort Payne,US,2022-12-21 04:42:12,34.4442,-85.7197,40.91,75,100,3.44
221,Fortuna,US,2022-12-21 04:42:15,40.5982,-124.1573,52.14,94,100,5.75
222,Kalmunai,LK,2022-12-21 04:42:15,7.4167,81.8167,77.83,86,100,10.16
223,Gorodishche,RU,2022-12-21 04:42:17,48.8045,44.4744,27.48,93,0,17.9
224,Port Blair,IN,2022-12-21 04:42:17,11.6667,92.75,84.24,70,20,11.5
225,Southbridge,US,2022-12-21 04:38:30,42.0751,-72.0334,26.62,84,12,1.99
226,Faanui,PF,2022-12-21 04:43:18,-16.4833,-151.75,81.03,77,70,18.03
227,Christchurch,NZ,2022-12-21 04:39:56,-43.5333,172.6333,63.41,67,75,16.11
228,Meulaboh,ID,2022-12-21 04:43:19,4.1363,96.1285,83.68,62,87,2.64
229,Winfield,US,2022-12-21 04:41:53,37.2398,-96.9956,25.5,84,100,5.75
230,Sorong,ID,2022-12-21 04:43:20,-0.8833,131.25,84.25,74,95,7.96
231,Cherskiy,RU,2022-12-21 04:43:21,68.75,161.3,12.25,75,8,5.57
232,Berlevag,NO,2022-12-21 04:43:22,70.8578,29.0864,26.55,54,100,6.91
233,Iraray,PH,2022-12-21 04:43:22,8.9936,118.0511,83.62,72,81,2.28
234,Waipawa,NZ,2022-12-21 04:43:23,-41.4122,175.5153,54.25,85,100,9.98
235,Gat,IL,2022-12-21 04:43:24,31.61,34.7642,58.41,80,12,5.41
236,Prince George,CA,2022-12-21 04:43:24,53.9166,-122.753,-22.38,68,0,2.3
237,Boa Viagem,BR,2022-12-21 04:43:25,-5.1275,-39.7322,74.59,73,47,4.12
238,Noyabrsk,RU,2022-12-21 04:43:25,63.1994,75.4507,-2.38,98,100,9.17
239,Potrero Del Llano,MX,2022-12-21 04:43:26,21.05,-97.6833,63.57,79,99,4.5
240,Aleksandrovsk-Sakhalinskiy,RU,2022-12-21 04:43:27,50.8975,142.1561,8.29,85,83,4.21
241,Rocha,UY,2022-12-21 04:43:27,-34.4833,-54.3333,58.32,96,0,3.29
242,Sesheke,ZM,2022-12-21 04:43:28,-17.4759,24.2968,70.7,76,99,4.18
243,Abnub,EG,2022-12-21 04:43:29,27.2696,31.1511,55.62,89,8,8.61
244,Tongren,CN,2022-12-21 04:43:29,27.7172,109.1853,60.33,35,1,1.57
245,Lasa,IT,2022-12-21 04:43:30,46.6166,10.7002,36.48,82,100,2.37
246,Ahipara,NZ,2022-12-21 04:43:31,-35.1667,173.1667,68.38,78,26,9.19
247,Jijiga,ET,2022-12-21 04:43:31,9.35,42.8,60.4,53,5,5.17
248,Dharmadam,IN,2022-12-21 04:43:32,11.7833,75.4333,81.81,62,99,4.34
249,Kruisfontein,ZA,2022-12-21 04:43:32,-34.0033,24.7314,59.88,73,96,7.65
250,Lipin Bor,RU,2022-12-21 04:43:33,60.2622,37.9763,12.22,90,100,9.19
251,Khasan,RU,2022-12-21 04:43:34,42.4308,130.6434,30.18,96,100,4.94
252,Itoman,JP,2022-12-21 04:43:34,26.1247,127.6694,66.58,96,75,6.91
253,Ixtapa,MX,2022-12-21 04:43:35,20.7,-105.2,71.22,83,76,1.52
254,Qasigiannguit,GL,2022-12-21 04:43:36,68.8193,-51.1922,17.85,72,29,4.85
255,Hanyang,CN,2022-12-21 04:43:36,32.1371,105.5126,46.76,39,0,4.12
256,Nizwa,OM,2022-12-21 04:43:37,22.9333,57.5333,67.55,58,0,2.1
257,Kimbe,PG,2022-12-21 04:43:37,-5.5502,150.1429,85.71,70,100,5.61
258,Nanortalik,GL,2022-12-21 04:43:38,60.1432,-45.2371,21.22,52,0,5.28
259,Cacoal,BR,2022-12-21 04:43:39,-11.4386,-61.4472,71.62,99,97,3.06
260,Yabelo,ET,2022-12-21 04:43:39,4.8833,38.0833,63.91,30,91,11.03
261,Lamar,US,2022-12-21 04:43:40,33.6668,-95.5836,39.63,85,0,8.05
262,Bow Island,CA,2022-12-21 04:43:40,49.8668,-111.3684,-18.53,76,100,6.91
263,Alofi,NU,2022-12-21 04:43:41,-19.0595,-169.9187,84.09,65,6,10.36
264,Edmond,US,2022-12-21 04:43:00,35.6528,-97.4781,26.91,87,56,1.99
265,Naze,JP,2022-12-21 04:43:41,28.3667,129.4833,63.52,82,100,14.83
266,Cockburn Town,TC,2022-12-21 04:40:15,21.4612,-71.1419,76.96,73,40,9.22
267,Imbituba,BR,2022-12-21 04:43:42,-28.24,-48.6703,70.86,87,69,3.24
268,Olafsvik,IS,2022-12-21 04:43:42,64.8945,-23.7142,30.69,68,94,37.33
269,Kristiinankaupunki,FI,2022-12-21 04:43:43,62.2743,21.376,35.42,99,100,3.65
270,Vestmannaeyjar,IS,2022-12-21 04:43:44,63.4427,-20.2734,34.2,52,89,20.47
271,Manokwari,ID,2022-12-21 04:43:44,-0.8667,134.0833,81.59,79,93,8.81
272,Bagotville,AU,2022-12-21 04:43:45,-28.9833,153.4167,73.85,67,67,11.1
273,Gao,ML,2022-12-21 04:44:45,16.6362,1.637,60.15,34,28,15.19
274,Brae,GB,2022-12-21 04:44:46,60.3964,-1.353,45.09,71,76,14.05
275,Esperance,AU,2022-12-21 04:44:47,-33.8667,121.9,70.03,62,10,17.13
276,Kodiak,US,2022-12-21 04:44:47,57.79,-152.4072,26.11,80,100,5.75
277,Ulaanbaatar,MN,2022-12-21 04:44:48,47.9077,106.8832,-12.87,77,0,2.24
278,Svetlaya,RU,2022-12-21 04:44:48,46.5389,138.3297,17.58,54,6,2.35
279,Dyersburg,US,2022-12-21 04:40:01,36.0345,-89.3856,37.87,64,0,7.02
280,Chalus,IR,2022-12-21 04:44:49,36.655,51.4204,45.86,93,75,0.0
281,Mascote,BR,2022-12-21 04:44:50,-15.5631,-39.3025,69.44,98,100,2.17
282,Riberalta,BO,2022-12-21 04:40:12,-10.9833,-66.1,70.92,100,100,2.64
283,Santa Barbara,US,2022-12-21 04:44:51,34.7333,-120.0343,54.59,96,0,4.61
284,Saint-Pierre,RE,2022-12-21 04:44:51,-21.3393,55.4781,82.08,57,0,6.91
285,Qaqortoq,GL,2022-12-21 04:44:18,60.7167,-46.0333,8.65,61,0,8.81
286,Nouadhibou,MR,2022-12-21 04:44:52,20.931,-17.0347,67.98,45,0,14.97
287,Sakaiminato,JP,2022-12-21 04:44:52,35.55,133.2333,46.38,66,75,10.36
288,Perambalur,IN,2022-12-21 04:44:53,11.2333,78.8833,78.21,70,99,11.27
289,Dawlatabad,AF,2022-12-21 04:44:53,36.4141,64.9053,43.14,57,85,3.33
290,Dogondoutchi,NE,2022-12-21 04:44:54,13.6393,4.0287,67.08,25,100,9.6
291,Yanji,CN,2022-12-21 04:44:55,42.9075,129.5078,19.85,83,100,1.19
292,Hasaki,JP,2022-12-21 04:44:55,35.7333,140.8333,55.29,57,99,7.0
293,Tabou,CI,2022-12-21 04:44:56,4.423,-7.3528,76.69,85,91,4.21
294,Knokke-Heist,BE,2022-12-21 04:44:56,51.3333,3.3333,46.02,92,79,5.01
295,Jumla,NP,2022-12-21 04:44:57,29.2747,82.1838,55.89,11,1,4.0
296,Cabo San Lucas,MX,2022-12-21 04:43:35,22.8909,-109.9124,71.51,66,92,2.89
297,Scottsbluff,US,2022-12-21 04:44:58,41.8666,-103.6672,30.78,70,100,11.5
298,Jiayuguan,CN,2022-12-21 04:44:58,39.8167,98.3,29.97,46,0,1.63
299,Kirakira,SB,2022-12-21 04:44:59,-10.4544,161.9205,85.68,69,91,6.78
300,Shihezi,CN,2022-12-21 04:44:59,44.3,86.0333,14.22,83,9,0.54
301,Villareal,PH,2022-12-21 04:45:00,11.5659,124.9281,80.29,87,100,3.51
302,Saint Augustine,US,2022-12-21 04:42:50,29.8947,-81.3145,63.01,97,100,13.8
303,Palapye,BW,2022-12-21 04:45:00,-22.546,27.1251,72.79,74,21,14.5
304,Okhotsk,RU,2022-12-21 04:45:01,59.3833,143.3,19.81,83,99,15.28
305,Port-Cartier,CA,2022-12-21 04:45:01,50.0334,-66.8654,28.08,93,96,4.88
306,Karpogory,RU,2022-12-21 04:45:02,64.0019,44.4451,2.73,97,100,6.11
307,Te Anau,NZ,2022-12-21 04:45:03,-45.4167,167.7167,69.8,42,10,2.64
308,Cranbrook,CA,2022-12-21 04:45:04,49.4999,-115.7688,-11.36,77,75,2.3
309,Bodden Town,KY,2022-12-21 04:41:47,19.2833,-81.25,78.93,80,15,5.99
310,Padang,ID,2022-12-21 04:44:35,-0.9492,100.3543,86.05,63,91,6.93
311,Chhabra,IN,2022-12-21 04:45:06,24.6667,76.8333,72.7,31,5,4.83
312,Cosala,MX,2022-12-21 04:45:07,24.4125,-106.6908,60.78,44,52,3.33
313,Pisco,PE,2022-12-21 04:45:07,-13.7,-76.2167,69.85,83,0,3.44
314,Machhlishahr,IN,2022-12-21 04:45:08,25.6833,82.4167,69.71,29,1,2.66
315,Sidney,AU,2022-12-21 04:44:00,-33.8679,151.2073,78.24,55,0,14.97
316,Marsh Harbour,BS,2022-12-21 04:45:09,26.5412,-77.0636,71.02,88,100,23.6
317,Tabas,IR,2022-12-21 04:45:09,33.5959,56.9244,51.04,35,29,1.14
318,Tignere,CM,2022-12-21 04:45:10,7.3667,12.65,60.96,32,94,2.37
319,Pankrushikha,RU,2022-12-21 04:45:12,53.8319,80.3406,11.59,87,100,9.06
320,Requena,ES,2022-12-21 04:46:13,39.4883,-1.1004,51.51,87,82,14.18
321,Yar-Sale,RU,2022-12-21 04:46:13,66.8333,70.8333,-21.51,97,100,10.18
322,La Baule-Escoublac,FR,2022-12-21 04:46:14,47.2922,-2.364,51.46,95,0,14.97
323,Omsukchan,RU,2022-12-21 04:46:14,62.5333,155.8,16.03,95,86,5.99
324,Roma,US,2022-12-21 04:46:15,43.2128,-75.4557,24.94,93,100,0.0
325,Vanderhoof,CA,2022-12-21 04:45:12,54.0166,-124.0198,-20.18,97,20,2.98
326,Santa Maria,BR,2022-12-21 04:46:16,-29.6842,-53.8069,64.33,93,0,7.7
327,Columbus,US,2022-12-21 04:42:32,39.9612,-82.9988,25.32,86,20,3.44
328,Taltal,CL,2022-12-21 04:46:11,-25.4,-70.4833,68.11,78,3,2.08
329,Bilma,NE,2022-12-21 04:46:18,18.6853,12.9164,57.79,50,85,10.47
330,Broken Hill,AU,2022-12-21 04:46:19,-31.95,141.4333,76.86,49,94,15.82
331,Deputatskiy,RU,2022-12-21 04:46:20,69.3,139.9,-9.83,99,97,2.75
332,Zhumadian,CN,2022-12-21 04:46:21,32.9794,114.0294,53.19,27,0,12.1
333,Taihe,CN,2022-12-21 04:46:22,30.8712,105.3845,53.06,50,0,5.26
334,Kushima,JP,2022-12-21 04:46:22,31.4583,131.2333,57.2,94,100,9.93
335,Lawang,ID,2022-12-21 04:46:23,-7.8353,112.6947,86.65,56,44,1.45
336,Mantua,IT,2022-12-21 04:46:24,45.1667,10.7833,42.35,91,100,1.01
337,Crawfordsville,US,2022-12-21 04:46:25,40.0411,-86.8745,26.83,82,89,5.44
338,Bambous Virieux,MU,2022-12-21 04:46:28,-20.3428,57.7575,81.21,65,40,6.91
339,Nantucket,US,2022-12-21 04:46:29,41.2835,-70.0995,37.99,77,0,9.22
340,Tandil,AR,2022-12-21 04:46:30,-37.3217,-59.1332,64.69,96,18,8.37
341,Belmonte,BR,2022-12-21 04:46:30,-15.8631,-38.8828,74.79,90,96,8.57
342,San Pedro,PH,2022-12-21 04:45:55,14.35,121.0167,86.27,71,75,4.61
343,Narsaq,GL,2022-12-21 04:46:31,60.9167,-46.05,8.82,61,0,9.04
344,Buala,SB,2022-12-21 04:46:32,-8.145,159.5921,85.15,71,100,5.75
345,Fare,PF,2022-12-21 04:46:32,-16.7,-151.0167,80.38,79,52,17.85
346,Cabedelo,BR,2022-12-21 04:46:33,-6.9811,-34.8339,77.67,76,13,5.32
347,Calama,CL,2022-12-21 04:46:33,-22.4667,-68.9333,52.29,37,0,8.05
348,Vostok,RU,2022-12-21 04:46:33,46.4856,135.8833,11.7,75,45,1.36
349,Kardla,EE,2022-12-21 04:46:34,58.9978,22.7492,40.98,93,100,10.36
350,Konevo,RU,2022-12-21 04:46:34,62.1215,39.3192,18.16,94,100,8.61
351,Kloulklubed,PW,2022-12-21 04:46:35,7.0419,134.2556,84.7,74,94,10.2
352,Karaton,ID,2022-12-21 04:46:35,-6.3424,106.1045,88.9,55,39,4.94
353,Kysyl-Syr,RU,2022-12-21 04:46:36,63.8986,122.7617,-32.89,98,100,1.39
354,Begunitsy,RU,2022-12-21 04:46:36,59.5855,29.3176,31.15,98,100,8.72
355,Mnogovershinnyy,RU,2022-12-21 04:46:36,53.9353,139.9242,-3.14,89,100,6.33
356,Oranjemund,NA,2022-12-21 04:46:37,-28.55,16.4333,63.55,89,12,6.04
357,Namatanai,PG,2022-12-21 04:42:16,-3.6667,152.4333,84.9,69,84,9.89
358,Dehloran,IR,2022-12-21 04:46:38,32.6941,47.2679,61.18,42,0,4.65
359,Opuwo,NA,2022-12-21 04:44:09,-18.0607,13.84,66.34,34,22,3.02
360,Kavaratti,IN,2022-12-21 04:46:38,10.5669,72.642,81.39,70,82,8.86
361,Poya,NC,2022-12-21 04:46:39,-21.35,165.15,73.78,89,100,10.02
362,Luderitz,NA,2022-12-21 04:46:39,-26.6481,15.1594,64.98,75,0,2.77
363,Bichura,RU,2022-12-21 04:46:40,50.5881,107.6022,7.88,83,92,2.37
364,Tanout,NE,2022-12-21 04:46:40,14.9709,8.8879,59.13,42,95,11.36
365,Ketchikan,US,2022-12-21 04:47:41,55.3422,-131.6461,17.58,52,0,0.0
366,Iquitos,PE,2022-12-21 04:47:41,-3.7481,-73.2472,75.24,88,75,2.3
367,Malhargarh,IN,2022-12-21 04:43:11,24.2833,74.9833,72.46,33,7,4.88
368,Tlayacapan,MX,2022-12-21 04:47:42,18.9333,-98.9833,69.1,67,13,5.64
369,Bluefields,NI,2022-12-21 04:47:42,12.0137,-83.7635,74.61,90,4,7.96
370,Micheweni,TZ,2022-12-21 04:47:43,-4.9667,39.8333,81.81,73,96,11.5
371,Kaitangata,NZ,2022-12-21 04:47:43,-46.2817,169.8464,54.03,78,100,12.59
372,Miri,MY,2022-12-21 04:47:44,4.4148,114.0089,87.17,74,40,4.61
373,Banda Aceh,ID,2022-12-21 04:47:44,5.5577,95.3222,83.64,70,83,7.4
374,Osmaniye,TR,2022-12-21 04:47:45,37.0742,36.2478,51.08,79,100,4.14
375,Sic,RO,2022-12-21 04:47:45,46.9333,23.8833,22.82,39,53,2.15
376,Manzanillo,CU,2022-12-21 04:47:46,20.3433,-77.1167,70.88,81,0,1.97
377,Ukiah,US,2022-12-21 04:47:46,39.1502,-123.2078,52.05,87,100,0.0
378,Phangnga,TH,2022-12-21 04:47:47,8.4509,98.5298,84.24,56,41,8.03
379,North Bend,US,2022-12-21 04:44:47,43.4065,-124.2243,53.92,99,100,12.66
380,Skibbereen,IE,2022-12-21 04:43:56,51.55,-9.2667,47.1,76,56,22.93
381,Mayo,US,2022-12-21 04:47:48,38.8876,-76.5119,33.94,75,0,3.44
382,Mount Darwin,ZW,2022-12-21 04:47:48,-16.7725,31.5838,68.94,85,99,4.07
383,Adrar,MR,2022-12-21 04:47:48,20.5022,-10.0711,56.52,42,0,10.78
384,Tocantins,BR,2022-12-21 04:47:49,-10.5,-48.0,71.89,95,100,2.53
385,Rongcheng,CN,2022-12-21 04:47:49,30.634,117.8517,52.65,33,0,6.62
386,Tombouctou,ML,2022-12-21 04:47:50,20.0,-3.0,60.76,25,0,10.2
387,Araouane,ML,2022-12-21 04:47:50,18.9048,-3.5265,61.48,25,6,9.95
388,Tarakan,ID,2022-12-21 04:47:51,3.3,117.6333,83.7,79,20,2.3
389,Uige,AO,2022-12-21 04:47:51,-7.6087,15.0613,61.48,96,84,2.95
390,Santa Isabel Do Rio Negro,BR,2022-12-21 04:47:52,-0.4139,-65.0192,72.64,98,100,0.67
391,Poronaysk,RU,2022-12-21 04:47:52,49.2167,143.1167,9.84,84,10,4.18
392,Grenfell,AU,2022-12-21 04:47:53,-33.9,148.1667,79.45,20,97,2.57
393,Churapcha,RU,2022-12-21 04:47:53,62.0025,132.4325,-23.91,98,99,1.54
394,Krotoszyn,PL,2022-12-21 04:46:43,51.6987,17.4374,37.54,81,100,8.19
395,Houston,US,2022-12-21 04:45:02,29.7633,-95.3633,50.14,84,100,12.66
396,Saint-Denis,FR,2022-12-21 04:47:54,48.9167,2.3333,50.85,96,0,9.22
397,Lehi,US,2022-12-21 04:45:06,40.3916,-111.8508,33.55,74,96,1.01
398,Taree,AU,2022-12-21 04:47:55,-31.9,152.4667,79.07,48,10,10.31
399,Bud,US,2022-12-21 04:47:55,39.447,-86.1758,30.81,84,80,3.69
400,Oriximina,BR,2022-12-21 04:47:55,-1.7656,-55.8661,75.36,88,100,2.73
401,Kijang,KR,2022-12-21 04:47:05,35.2442,129.2139,38.93,92,100,5.75
402,Talin,EE,2022-12-21 04:43:58,59.437,24.7535,37.94,93,100,13.8
403,Mosetse,BW,2022-12-21 04:47:56,-20.75,26.65,74.44,61,99,11.16
404,Aykhal,RU,2022-12-21 04:47:57,66.0,111.5,-34.85,100,100,5.44
405,Baghdad,IQ,2022-12-21 04:45:22,33.3406,44.4009,46.31,87,0,1.14
406,Vesyegonsk,RU,2022-12-21 04:47:57,58.664,37.2604,7.27,95,93,6.02
407,Talnakh,RU,2022-12-21 04:47:58,69.4865,88.3972,-20.79,98,100,6.26
408,Sisimiut,GL,2022-12-21 04:47:58,66.9395,-53.6735,16.72,63,38,3.42
409,Zonguldak,TR,2022-12-21 04:48:59,41.25,31.8333,29.82,73,3,3.18
410,Hami,CN,2022-12-21 04:49:00,42.8,93.45,27.81,34,0,8.72
411,Laranja Da Terra,BR,2022-12-21 04:49:00,-19.8989,-41.0567,70.99,98,100,2.04
412,Burgeo,CA,2022-12-21 04:44:11,47.6167,-57.6152,30.29,80,64,13.42
413,Kitimat,CA,2022-12-21 04:45:44,54.0524,-128.6534,0.91,60,3,5.35
414,Ancud,CL,2022-12-21 04:49:01,-41.8697,-73.8203,57.18,94,79,8.72
415,Kirkwall,GB,2022-12-21 04:49:01,58.9848,-2.9587,41.97,81,77,14.97
416,Peniche,PT,2022-12-21 04:49:02,39.3558,-9.3811,61.29,90,100,9.98
417,Yulara,AU,2022-12-21 04:49:02,-25.2406,130.9889,94.86,21,100,5.77
418,Muros,ES,2022-12-21 04:49:03,42.7762,-9.0603,59.85,82,100,19.64
419,Puerto Leguizamo,CO,2022-12-21 04:49:03,-0.1934,-74.7819,73.33,72,100,2.46
420,Lensk,RU,2022-12-21 04:49:02,60.7253,114.9278,-12.57,93,69,2.95
421,Macusani,PE,2022-12-21 04:49:04,-14.0833,-70.4333,39.45,91,100,1.45
422,Katsuura,JP,2022-12-21 04:49:05,35.1333,140.3,54.43,61,86,13.4
423,Kismayo,SO,2022-12-21 04:49:05,-0.3582,42.5454,80.98,73,94,14.7
424,Surt,LY,2022-12-21 04:49:06,31.2089,16.5887,60.85,81,79,5.95
425,San Vicente,AR,2022-12-21 04:49:06,-26.6167,-54.1333,60.89,86,6,2.04
426,Avera,US,2022-12-21 04:49:07,33.194,-82.5271,38.71,77,100,10.02
427,Tall Kayf,TR,2022-12-21 04:49:08,37.0833,41.0667,48.54,58,100,6.76
428,Saint-Francois,FR,2022-12-21 04:49:08,46.4154,3.9054,49.44,93,100,4.61
429,Luanda,AO,2022-12-21 04:49:09,-8.8368,13.2343,77.0,78,75,3.44
430,Tual,ID,2022-12-21 04:49:09,-5.6667,132.75,81.03,81,100,12.5
431,Olinda,BR,2022-12-21 04:49:10,-8.0089,-34.8553,80.33,69,75,4.61
432,Neiafu,TO,2022-12-21 04:49:10,-18.65,-173.9833,84.88,79,20,6.91
433,Dinar,TR,2022-12-21 04:49:11,38.065,30.1656,26.56,72,1,5.7
434,Obama,JP,2022-12-21 04:49:12,35.4958,135.746,46.96,52,99,8.32
435,Tilichiki,RU,2022-12-21 04:49:12,60.4667,166.1,32.2,54,100,28.72
436,Arkhara,RU,2022-12-21 04:49:13,49.4212,130.0842,-4.76,84,99,5.59
437,Great Falls,US,2022-12-21 04:46:54,47.5002,-111.3008,-14.33,79,100,5.75
438,Bukachacha,RU,2022-12-21 04:49:14,52.9833,116.9167,-4.61,70,16,3.67
439,Seddon,AU,2022-12-21 04:49:14,-37.8068,144.8916,86.61,34,0,12.66
440,Rio Grande,BR,2022-12-21 04:49:15,-32.035,-52.0986,69.35,80,7,16.73
441,Collierville,US,2022-12-21 04:47:45,35.042,-89.6645,38.95,66,0,5.75
442,Snyder,US,2022-12-21 04:49:16,32.7179,-100.9176,36.32,100,100,3.44
443,Umba,RU,2022-12-21 04:49:16,66.6871,34.3429,27.14,95,100,20.02
444,Carballo,ES,2022-12-21 04:47:04,43.213,-8.691,59.86,85,99,11.65
445,Salinopolis,BR,2022-12-21 04:49:17,-0.6136,-47.3561,77.58,84,34,6.08
446,Eyl,SO,2022-12-21 04:49:18,7.9803,49.8164,78.96,70,31,20.15
447,Mareeba,AU,2022-12-21 04:49:19,-17.0,145.4333,79.52,88,100,9.15
448,Marsala,IT,2022-12-21 04:49:19,37.7966,12.4352,48.94,87,0,6.91
449,Mingyue,CN,2022-12-21 04:49:20,43.1069,128.9217,20.89,87,100,1.3
450,Ivanivka,UA,2022-12-21 04:49:21,46.7208,34.553,32.38,70,100,3.78
451,Slave Lake,CA,2022-12-21 04:48:11,55.2834,-114.769,-25.62,75,75,5.75
452,Leningradskiy,RU,2022-12-21 04:49:21,69.3833,178.4167,2.39,84,4,11.52
453,Piacabucu,BR,2022-12-21 04:49:22,-10.4056,-36.4344,75.74,89,1,6.87
454,Taunggyi,MM,2022-12-21 04:49:22,20.7833,97.0333,70.66,51,18,5.68
455,Biharamulo,TZ,2022-12-21 04:49:23,-2.6319,31.3089,62.04,91,100,0.87
456,Vanimo,PG,2022-12-21 04:50:24,-2.6741,141.3028,79.27,85,100,3.67
457,Amga,RU,2022-12-21 04:50:24,60.8953,131.9608,-18.63,96,100,1.01
458,Pyapon,MM,2022-12-21 04:50:24,16.2833,95.6833,87.15,49,41,3.62
459,North Mankato,US,2022-12-21 04:50:25,44.1733,-94.0339,-2.02,87,0,4.61
460,Novaya Mayna,RU,2022-12-21 04:50:25,54.15,49.75,10.87,99,92,2.93
461,Wanning,CN,2022-12-21 04:50:26,18.8003,110.3967,67.73,75,93,15.12
462,Atar,MR,2022-12-21 04:49:32,20.5169,-13.0499,60.31,37,0,11.63
463,Stulovo,RU,2022-12-21 04:50:27,58.7225,50.1439,-19.08,100,99,1.61
464,Saurimo,AO,2022-12-21 04:50:27,-9.6608,20.3916,61.41,93,99,1.83
465,Oga,IT,2022-12-21 04:50:28,46.4631,10.347,34.03,99,100,5.32
466,Xiaoyi,CN,2022-12-21 04:50:29,34.6178,109.703,54.07,17,67,14.34
467,Asfi,MA,2022-12-21 04:50:29,32.2994,-9.2372,62.62,57,17,5.46
468,Police,PL,2022-12-21 04:50:30,53.5521,14.5718,41.02,88,100,4.0
469,Constitucion,CL,2022-12-21 04:50:30,-35.3333,-72.4167,56.89,91,0,3.51
470,Manicore,BR,2022-12-21 04:50:31,-5.8092,-61.3003,71.92,99,100,1.23
471,San Quintin,MX,2022-12-21 04:46:13,30.4833,-115.95,56.35,69,0,5.53
472,Uvat,RU,2022-12-21 04:50:33,59.1433,68.8953,-4.59,98,98,7.43
473,Kholodnyy,RU,2022-12-21 04:50:33,62.7167,147.95,6.17,96,100,5.28
474,Vieste,IT,2022-12-21 04:50:34,41.8825,16.175,51.66,74,68,2.84
475,Loandjili,CG,2022-12-21 04:50:34,-4.7561,11.8578,74.86,91,100,5.77
476,Tazmalt,DZ,2022-12-21 04:50:35,36.3868,4.3989,50.11,64,13,3.15
477,Suez,EG,2022-12-21 04:50:35,29.9737,32.5263,57.02,89,25,8.52
478,Hovd,MN,2022-12-21 04:50:35,48.0056,91.6419,9.3,77,12,2.08
479,Murgab,TM,2022-12-21 04:50:36,37.4966,61.9714,37.27,87,100,11.5
480,Palmerston,AU,2022-12-21 04:50:36,-12.486,130.9833,89.58,74,75,10.36
481,Nagai,JP,2022-12-21 04:50:37,38.1036,140.035,34.41,92,100,2.3
482,Kungurtug,RU,2022-12-21 04:50:37,50.5994,97.5228,12.09,88,86,1.72
483,Provost,CA,2022-12-21 04:50:38,52.3501,-110.2683,-34.15,99,100,4.41
484,Ler,SS,2022-12-21 04:50:38,8.3018,30.1418,75.0,37,79,5.86
485,Hofn,IS,2022-12-21 04:50:39,64.2539,-15.2082,33.73,70,100,40.35
486,Coquimbo,CL,2022-12-21 04:50:40,-29.9533,-71.3436,60.53,94,0,2.3
487,Port Keats,AU,2022-12-21 04:50:40,-14.25,129.55,84.18,70,100,8.34
488,Marsabit,KE,2022-12-21 04:50:41,2.3284,37.9899,67.21,53,100,12.68
489,Richards Bay,ZA,2022-12-21 04:50:41,-28.783,32.0377,67.48,90,100,11.68
490,Yeppoon,AU,2022-12-21 04:50:42,-23.1333,150.7333,82.18,56,11,14.94
491,Mildura,AU,2022-12-21 04:50:42,-34.2,142.15,76.06,47,100,13.49
492,Maceio,BR,2022-12-21 04:46:13,-9.6658,-35.7353,74.64,94,40,4.61
493,Trairi,BR,2022-12-21 04:48:28,-3.2778,-39.2689,76.6,85,92,5.75
494,Boyuibe,BO,2022-12-21 04:50:43,-20.4167,-63.2833,71.4,60,57,4.14
495,Husavik,IS,2022-12-21 04:50:44,66.0449,-17.3389,29.43,77,100,29.64
496,Havoysund,NO,2022-12-21 04:50:44,70.9963,24.6622,26.83,86,100,18.45
497,Saint-Augustin,CA,2022-12-21 04:50:45,51.226,-58.6502,25.74,81,32,10.58
498,Kainantu,PG,2022-12-21 04:50:45,-6.2887,145.8655,74.32,58,100,5.1
499,Maniitsoq,GL,2022-12-21 04:51:23,65.4167,-52.9,17.28,59,35,5.48
500,Hamilton,US,2022-12-21 04:51:46,39.1834,-84.5333,32.76,79,0,0.0
501,Umm Kaddadah,SD,2022-12-21 04:51:46,13.6017,26.6876,64.18,45,48,12.91
502,Nagato,JP,2022-12-21 04:51:46,34.3833,131.2,45.48,91,100,9.01
503,Uusikaupunki,FI,2022-12-21 04:51:47,60.8004,21.4084,37.27,99,100,9.17
504,Gazanjyk,TM,2022-12-21 04:51:47,39.2446,55.5154,33.85,73,33,9.51
505,Dingle,PH,2022-12-21 04:49:01,10.9995,122.6711,81.95,82,97,7.96
506,Aberdeen,GB,2022-12-21 04:47:25,57.1437,-2.0981,40.66,79,40,12.66
507,Cheremnoye,RU,2022-12-21 04:51:48,53.1697,83.2133,19.99,80,14,14.14
508,Rendsburg,DE,2022-12-21 04:51:48,54.3,9.6667,45.28,100,100,3.44
509,Virginia Beach,US,2022-12-21 04:47:29,36.8529,-75.978,35.02,69,75,0.0
510,Vredendal,ZA,2022-12-21 04:51:49,-31.6683,18.5012,72.32,45,0,10.18
511,High Level,CA,2022-12-21 04:51:49,58.5169,-117.136,-36.29,67,75,2.3
512,Ola,RU,2022-12-21 04:51:50,59.5833,151.2833,19.22,78,100,12.26
513,Sherlovaya Gora,RU,2022-12-21 04:51:50,50.5667,116.25,-14.8,94,62,7.14
514,Muravlenko,RU,2022-12-21 04:51:51,63.7898,74.523,-6.99,98,100,14.56
515,Karasjok,NO,2022-12-21 04:51:51,69.4719,25.5112,16.03,95,100,10.6
516,Hervey Bay,AU,2022-12-21 04:51:52,-25.2986,152.8535,74.75,58,25,18.79
517,Coruche,PT,2022-12-21 04:51:52,38.9595,-8.5252,58.95,99,100,4.43
518,Nemuro,JP,2022-12-21 04:51:53,43.3236,145.575,29.91,51,46,3.76
519,Carutapera,BR,2022-12-21 04:51:53,-1.195,-46.02,75.85,87,31,3.58
520,Kununurra,AU,2022-12-21 04:51:54,-15.7667,128.7333,89.58,55,40,12.66
521,Ivolginsk,RU,2022-12-21 04:51:54,51.7492,107.2837,4.66,72,20,2.24
522,Asau,RO,2022-12-21 04:51:55,46.4333,26.4,25.72,27,19,5.53
523,Ucluelet,CA,2022-12-21 04:51:55,48.9329,-125.5528,29.08,91,70,6.46
524,Nha Trang,VN,2022-12-21 04:51:55,12.25,109.1833,82.4,69,95,14.07
525,Sanmenxia,CN,2022-12-21 04:49:35,34.7747,111.1814,49.28,23,9,11.43
526,Outram,MY,2022-12-21 04:51:56,1.2829,103.8379,87.93,69,75,4.61
527,Alindao,CF,2022-12-21 04:51:56,5.0267,21.2088,72.79,47,100,3.36
528,Pacific Grove,US,2022-12-21 04:51:57,36.6177,-121.9166,49.66,89,0,3.44
529,Kepno,PL,2022-12-21 04:51:16,51.2784,17.9891,34.81,85,100,11.56
530,Veraval,IN,2022-12-21 04:51:58,20.9,70.3667,79.83,29,3,10.49
531,Hueyapan,MX,2022-12-21 04:51:58,18.8667,-98.6667,52.57,68,5,6.44
532,Funadhoo,MV,2022-12-21 04:51:59,6.15,73.2667,80.83,71,100,3.27
533,Luoyang,CN,2022-12-21 04:51:59,34.6836,112.4536,50.0,23,3,7.05
534,Bara,NG,2022-12-21 04:48:18,10.3744,10.7288,59.88,35,50,6.51
535,Lulea,SE,2022-12-21 04:52:00,65.5842,22.1547,21.27,93,100,6.91
536,Knoxville,US,2022-12-21 04:47:48,35.9606,-83.9207,41.2,75,75,3.44
537,Tevriz,RU,2022-12-21 04:52:00,57.509,72.4042,-8.68,99,33,4.59
538,Alice Springs,AU,2022-12-21 04:50:56,-23.7,133.8833,94.55,26,93,5.75
539,Cam Ranh,VN,2022-12-21 04:52:01,11.9214,109.1591,82.36,61,75,20.71
